Workbook

Sheet Iris Dataset
A1: ID | B1: Sepal Length (cm) | C1: Sepal Width (cm) | D1: Petal Length (cm) | E1: Petal Width (cm) | F1: Species | G1: Sepal Area (cm) | H1: Petal Area (cm)
A2: 1 | B2: 5.1 | C2: 3.5 | D2: 1.4 | E2: 0.2 | F2: Iris-setosa | G2: =B2*C2 -> 17.85 | H2: =D2*E2 -> 0.28
A3: 2 | B3: 4.9 | C3: 3 | D3: 1.4 | E3: 0.2 | F3: Iris-setosa | G3: =B3*C3 -> 14.7 | H3: =D3*E3 -> 0.28
A4: 3 | B4: 4.7 | C4: 3.2 | D4: 1.3 | E4: 0.2 | F4: Iris-setosa | G4: =B4*C4 -> 15.04 | H4: =D4*E4 -> 0.26
A5: 4 | B5: 4.6 | C5: 3.1 | D5: 1.5 | E5: 0.2 | F5: Iris-setosa | G5: =B5*C5 -> 14.26 | H5: =D5*E5 -> 0.3
A6: 5 | B6: 5 | C6: 3.6 | D6: 1.4 | E6: 0.2 | F6: Iris-setosa | G6: =B6*C6 -> 18 | H6: =D6*E6 -> 0.28
A7: 6 | B7: 5.4 | C7: 3.9 | D7: 1.7 | E7: 0.4 | F7: Iris-setosa | G7: =B7*C7 -> 21.06 | H7: =D7*E7 -> 0.68
A8: 7 | B8: 4.6 | C8: 3.4 | D8: 1.4 | E8: 0.3 | F8: Iris-setosa | G8: =B8*C8 -> 15.64 | H8: =D8*E8 -> 0.42
A9: 8 | B9: 5 | C9: 3.4 | D9: 1.5 | E9: 0.2 | F9: Iris-setosa | G9: =B9*C9 -> 17 | H9: =D9*E9 -> 0.3
A10: 9 | B10: 4.4 | C10: 2.9 | D10: 1.4 | E10: 0.2 | F10: Iris-setosa | G10: =B10*C10 -> 12.76 | H10: =D10*E10 -> 0.28
A11: 10 | B11: 4.9 | C11: 3.1 | D11: 1.5 | E11: 0.1 | F11: Iris-setosa | G11: =B11*C11 -> 15.19 | H11: =D11*E11 -> 0.15
A12: 11 | B12: 5.4 | C12: 3.7 | D12: 1.5 | E12: 0.2 | F12: Iris-setosa | G12: =B12*C12 -> 19.98 | H12: =D12*E12 -> 0.3
A13: 12 | B13: 4.8 | C13: 3.4 | D13: 1.6 | E13: 0.2 | F13: Iris-setosa | G13: =B13*C13 -> 16.32 | H13: =D13*E13 -> 0.32
... A151: 150 | B151: 5.9 | C151: 3 | D151: 5.1 | E151: 1.8 | F151: Iris-virginica | G151: =B151*C151 -> 17.7 | H151: =D151*E151 -> 9.18

Sheet Analysis
A1: Metric | B1: Formula
A2: Total Flowers | B2: =COUNTA('Iris Dataset'!A2:A151) -> 150
A3: Total Species | B3: =COUNTA(_xlfn.UNIQUE('Iris Dataset'!F2:F151)) -> 3
A4: Average Sepal Length | B4: =AVERAGE('Iris Dataset'!B2:B151) -> 5.8433333
A5: Average Sepal Width | B5: =AVERAGE('Iris Dataset'!C2:C151) -> 3.054
A6: Average Petal Length | B6: =AVERAGE('Iris Dataset'!D2:D151) -> 3.7586667
A7: Average Petal Width | B7: =AVERAGE('Iris Dataset'!E2:E151) -> 1.1986667

Sheet Dashboard
A1: Flowers by Species

Sheet Pivot_Species
A3: Row Labels | B3: Count of Species
A4: Iris-setosa | B4: 50
A5: Iris-versicolor | B5: 50
A6: Iris-virginica | B6: 50
A7: Grand Total | B7: 150
